judge,position_bias,verbosity_bias,sentiment_bias,combined,interaction_ratio,baseline,worst
claude,0.2650000000000001,0.1825000000000001,0.22999999999999998,0.48,0.7084870848708484,3.48,3.0
deepseek,0.10750000000000037,0.1974999999999998,0.19750000000000023,0.41500000000000004,0.8258706467661686,3.47,3.055
gemini,0.31000000000000005,0.3075000000000001,0.3450000000000002,0.5150000000000001,0.535064935064935,3.52,3.005
gpt4o,0.23999999999999977,0.15500000000000025,0.3275000000000001,0.45500000000000007,0.629757785467128,3.46,3.005
llama,0.36250000000000027,0.32499999999999973,0.31499999999999995,1.2475,1.2443890274314215,3.535,2.2875
