{
  "claude": {
    "judge": "claude",
    "n": 9600,
    "combined_effect": 0.05997200848580763,
    "combined_effect_ci": [
      0.03372176516187354,
      0.08619829008453814
    ],
    "interaction_ratio": {
      "mean": 0.1928257532604388,
      "median": 0.1917440129175127,
      "ci_95": [
        0.10634470366684608,
        0.28458164174172396
      ],
      "p_compounding": 0.0,
      "p_additive": 0.0,
      "p_cancelling": 1.0
    },
    "classification": "cancelling"
  },
  "deepseek": {
    "judge": "deepseek",
    "n": 9600,
    "combined_effect": -0.07252376901836403,
    "combined_effect_ci": [
      -0.09880444662594155,
      -0.04620903442750929
    ],
    "interaction_ratio": {
      "mean": -0.7330958686445732,
      "median": -0.7007118271543424,
      "ci_95": [
        -1.2469419976436877,
        -0.4030977380285926
      ],
      "p_compounding": 0.0,
      "p_additive": 0.0,
      "p_cancelling": 1.0
    },
    "classification": "cancelling"
  },
  "gemini": {
    "judge": "gemini",
    "n": 9600,
    "combined_effect": -0.03585366864038595,
    "combined_effect_ci": [
      -0.057933697248350124,
      -0.01374235581556714
    ],
    "interaction_ratio": {
      "mean": -0.13512360844729399,
      "median": -0.13458307500556044,
      "ci_95": [
        -0.22263219403107348,
        -0.05129799956531002
      ],
      "p_compounding": 0.0,
      "p_additive": 0.0,
      "p_cancelling": 1.0
    },
    "classification": "cancelling"
  },
  "gpt4o": {
    "judge": "gpt4o",
    "n": 9600,
    "combined_effect": -0.06001961606253796,
    "combined_effect_ci": [
      -0.0824731343953078,
      -0.03749016725974725
    ],
    "interaction_ratio": {
      "mean": -0.5380723862927281,
      "median": -0.5213031952695968,
      "ci_95": [
        -0.8716667225735596,
        -0.3028052858673936
      ],
      "p_compounding": 0.0,
      "p_additive": 0.0,
      "p_cancelling": 1.0
    },
    "classification": "cancelling"
  },
  "llama": {
    "judge": "llama",
    "n": 9600,
    "combined_effect": -0.03669466902087634,
    "combined_effect_ci": [
      -0.0658311515635869,
      -0.007475715435353222
    ],
    "interaction_ratio": {
      "mean": -0.09320878823308025,
      "median": -0.09304398002765893,
      "ci_95": [
        -0.16914474875916471,
        -0.018807048376335515
      ],
      "p_compounding": 0.0,
      "p_additive": 0.0,
      "p_cancelling": 1.0
    },
    "classification": "cancelling"
  }
}